{"cameraMode":{"drawMode":0,"name":"Shaded","section":"Shading Mode"},"sceneLighting":true,"audioPlay":false,"sceneViewState":{"showFog":false,"showMaterialUpdate":false,"showSkybox":false,"showFlares":false,"showImageEffects":false,"showParticleSystems":false},"in2DMode":false,"pivot":{"x":29.338119506835939,"y":-71.0975341796875,"z":-211.88775634765626},"rotation":{"x":0.5491868853569031,"y":0.0037608365528285505,"z":-0.002471290761604905,"w":0.8356858491897583},"size":935.38330078125,"orthographic":false}